Acc/test,Acc/train,Acc/val,epoch,loss/train,loss/val,step
0.20866142213344574,,,0,,,0
,,,0,1.6418535709381104,,4
,,,0,1.604361891746521,,9
,,,0,1.6027863025665283,,14
,,,0,1.6531480550765991,,19
,,,0,1.634454369544983,,24
,,,0,1.5902425050735474,,29
,,,0,1.5967873334884644,,34
,,,0,1.5633105039596558,,39
,,,0,1.6143958568572998,,44
,,,0,1.6039490699768066,,49
,,,0,1.6432996988296509,,54
,,,0,1.6237092018127441,,59
,,,0,1.6034252643585205,,64
,,,0,1.570508599281311,,69
,,,0,1.6084909439086914,,74
,,,0,1.6080268621444702,,79
,,,0,1.595033049583435,,84
,,,0,1.5859853029251099,,89
,,,0,1.573584794998169,,94
,,,0,1.5854556560516357,,99
,,,0,1.6357002258300781,,104
,,,0,1.6003161668777466,,109
,,,0,1.5676476955413818,,114
,,,0,1.5714396238327026,,119
,,,0,1.6053364276885986,,124
,,,0,1.5828464031219482,,129
,,,0,1.5872209072113037,,134
,,,0,1.6123602390289307,,139
,,,0,1.5847654342651367,,144
,,,0,1.6137678623199463,,149
,,,0,1.5810716152191162,,154
,,,0,1.6082319021224976,,159
,,,0,1.5931763648986816,,164
,,,0,1.580698013305664,,169
,,,0,1.5850192308425903,,174
,,,0,1.6005979776382446,,179
,,,0,1.575194001197815,,184
,,,0,1.601857304573059,,189
,,,0,1.6201121807098389,,194
,,,0,1.5989898443222046,,199
,,,0,1.5828088521957397,,204
,,,0,1.6229276657104492,,209
,,,0,1.6027753353118896,,214
,,,0,1.5810829401016235,,219
,,,0,1.5814836025238037,,224
,,,0,1.603071928024292,,229
,,,0,1.5827839374542236,,234
,,,0,1.5996978282928467,,239
,,,0,1.5731219053268433,,244
,,,0,1.5712820291519165,,249
,,,0,1.6234604120254517,,254
,,,0,1.5769237279891968,,259
,,,0,1.6250300407409668,,264
,,,0,1.595766305923462,,269
,,,0,1.590288519859314,,274
,,,0,1.594769835472107,,279
,,,0,1.5901908874511719,,284
,,,0,1.5948121547698975,,289
,,,0,1.5982415676116943,,294
,,,0,1.572773814201355,,299
,,,0,1.5540196895599365,,304
,,,0,1.6024997234344482,,309
,,,0,1.6005291938781738,,314
,,,0,1.5793110132217407,,319
,,,0,1.5585919618606567,,324
,,,0,1.6126810312271118,,329
,,,0,1.5681166648864746,,334
,,,0,1.5529866218566895,,339
,,,0,1.6072388887405396,,344
,,,0,1.622978687286377,,349
,,,0,1.5691635608673096,,354
,,,0,1.5664722919464111,,359
,,,0,1.6197516918182373,,364
,,,0,1.572400450706482,,369
,,,0,1.5640356540679932,,374
,,,0,1.5501089096069336,,379
,,,0,1.5539665222167969,,384
,,,0,1.571524977684021,,389
,,,0,1.5533483028411865,,394
,,,0,1.561112642288208,,399
,,,0,1.5163695812225342,,404
,,,0,1.5952345132827759,,409
,,,0,1.5310651063919067,,414
,,,0,1.6221530437469482,,419
,,,0,1.581257700920105,,424
,,,0,1.527184247970581,,429
,,,0,1.5885558128356934,,434
,,,0,1.5335220098495483,,439
,,,0,1.5792968273162842,,444
,,,0,1.5785926580429077,,449
,,,0,1.5925896167755127,,454
,,,0,1.6065866947174072,,459
,,,0,1.6117464303970337,,464
,,,0,1.5659078359603882,,469
,,,0,1.5126031637191772,,474
,,,0,1.6093018054962158,,479
,,,0,1.5809539556503296,,484
,,,0,1.6060115098953247,,489
,,,0,1.5587273836135864,,494
,,,0,1.5777066946029663,,499
,,,0,1.6055984497070312,,504
,,,0,1.5471307039260864,,509
,,,0,1.5360064506530762,,514
,,,0,1.5633172988891602,,519
,,,0,1.562349796295166,,524
,,,0,1.5568337440490723,,529
,,,0,1.561211109161377,,534
,,,0,1.5218298435211182,,539
,,,0,1.6188832521438599,,544
,,,0,1.5155867338180542,,549
,,,0,1.665207028388977,,554
,,,0,1.5179471969604492,,559
,,,0,1.5471954345703125,,564
,,,0,1.4500410556793213,,569
,,,0,1.5352462530136108,,574
,,,0,1.5422528982162476,,579
,,,0,1.5295249223709106,,584
,,,0,1.5413354635238647,,589
,,,0,1.6036916971206665,,594
,,,0,1.598328709602356,,599
,,,0,1.5781829357147217,,604
,,,0,1.5392017364501953,,609
,,,0,1.497443675994873,,614
,,,0,1.5365185737609863,,619
,,,0,1.4584391117095947,,624
,,,0,1.5432096719741821,,629
,,,0,1.5913455486297607,,634
,,,0,1.6075116395950317,,639
,,,0,1.5034486055374146,,644
,,,0,1.4890950918197632,,649
,,,0,1.5345593690872192,,654
,,,0,1.5521329641342163,,659
,,,0,1.6073471307754517,,664
,,,0,1.5276007652282715,,669
,,,0,1.5054314136505127,,674
,,,0,1.5432627201080322,,679
,,,0,1.5601698160171509,,684
,,,0,1.555070161819458,,689
,,,0,1.5319138765335083,,694
,,,0,1.5617830753326416,,699
,,,0,1.5178507566452026,,704
,,,0,1.5543938875198364,,709
,,,0,1.598388910293579,,714
,,,0,1.5857940912246704,,719
,,,0,1.4945472478866577,,724
,,,0,1.5602879524230957,,729
,,,0,1.5558876991271973,,734
,,,0,1.6004095077514648,,739
,,,0,1.537649154663086,,744
,,,0,1.4921581745147705,,749
,,,0,1.5728052854537964,,754
,,,0,1.534094214439392,,759
,,,0,1.496703863143921,,764
,,,0,1.5596461296081543,,769
,,,0,1.5404561758041382,,774
,,,0,1.5269078016281128,,779
,,,0,1.5369675159454346,,784
,,,0,1.5931167602539062,,789
,,,0,1.5287110805511475,,794
,,,0,1.5426850318908691,,799
,,,0,1.539182186126709,,804
,,,0,1.4552865028381348,,809
,,,0,1.5186793804168701,,814
,,,0,1.5348461866378784,,819
,,,0,1.5737746953964233,,824
,,,0,1.5419150590896606,,829
,,,0,1.542992353439331,,834
,,,0,1.4846982955932617,,839
,,,0,1.5335663557052612,,844
,,,0,1.5597000122070312,,849
,,,0,1.5335572957992554,,854
,,,0,1.4648165702819824,,859
,,,0,1.5004074573516846,,864
,,,0,1.5240048170089722,,869
,,,0,1.4973407983779907,,874
,,,0,1.542467713356018,,879
,,,0,1.4451984167099,,884
,,,0,1.4818521738052368,,889
,,,0,1.4746373891830444,,894
,,,0,1.5275629758834839,,899
,,,0,1.4799267053604126,,904
,,,0,1.4985557794570923,,909
,,,0,1.474266529083252,,914
,,,0,1.5978565216064453,,919
,,,0,1.4696385860443115,,924
,,,0,1.4584295749664307,,929
,,,0,1.5266127586364746,,934
,,,0,1.5275461673736572,,939
,,,0,1.478494644165039,,944
,,,0,1.4582492113113403,,949
,,,0,1.505995512008667,,954
,,,0,1.5729962587356567,,959
,,,0,1.5417767763137817,,964
,,,0,1.5092248916625977,,969
,,,0,1.5595886707305908,,974
,,,0,1.4700448513031006,,979
,,,0,1.5228941440582275,,984
,,,0,1.5894335508346558,,989
,,,0,1.4816592931747437,,994
,,,0,1.5191633701324463,,999
,,,0,1.558736801147461,,1004
,,,0,1.5448471307754517,,1009
,,,0,1.5240486860275269,,1014
,,,0,1.5723283290863037,,1019
,,,0,1.541980504989624,,1024
,,,0,1.4844619035720825,,1029
,,,0,1.507117748260498,,1034
,,,0,1.5257551670074463,,1039
,,,0,1.5563730001449585,,1044
,,,0,1.524324893951416,,1049
,,,0,1.5648289918899536,,1054
,,,0,1.5422250032424927,,1059
,,,0,1.6362743377685547,,1064
,,,0,1.6037342548370361,,1069
,,,0,1.5300819873809814,,1074
,,,0,1.5010731220245361,,1079
,,,0,1.5597244501113892,,1084
,,,0,1.5418280363082886,,1089
,,,0,1.5110374689102173,,1094
,,,0,1.4798216819763184,,1099
,,,0,1.5120484828948975,,1104
,,,0,1.488708257675171,,1109
,,,0,1.4670720100402832,,1114
,,,0,1.4594522714614868,,1119
,,,0,1.5246800184249878,,1124
,,,0,1.57051682472229,,1129
,,,0,1.4690430164337158,,1134
,,,0,1.4855486154556274,,1139
,,,0,1.6460150480270386,,1144
,,,0,1.4903974533081055,,1149
,,,0,1.526244044303894,,1154
,,,0,1.5362211465835571,,1159
,,,0,1.467592477798462,,1164
,,,0,1.5068106651306152,,1169
,,,0,1.4205344915390015,,1174
,,,0,1.487032175064087,,1179
,,,0,1.494235634803772,,1184
,,,0,1.4785361289978027,,1189
,,,0,1.5229243040084839,,1194
,,,0,1.5146102905273438,,1199
,,,0,1.4869403839111328,,1204
,,,0,1.5305662155151367,,1209
,,,0,1.5113862752914429,,1214
,,,0,1.4871187210083008,,1219
,,,0,1.4685273170471191,,1224
,,,0,1.5402419567108154,,1229
,,,0,1.4992361068725586,,1234
,,,0,1.4314450025558472,,1239
,,,0,1.4609895944595337,,1244
,,,0,1.6107877492904663,,1249
,,,0,1.495866060256958,,1254
,,,0,1.4931747913360596,,1259
,,,0,1.5051695108413696,,1264
,,,0,1.5198677778244019,,1269
,,,0,1.4765833616256714,,1274
,,,0,1.4940791130065918,,1279
,,,0,1.4158483743667603,,1284
,,,0,1.6184083223342896,,1289
,,,0,1.5309182405471802,,1294
,,,0,1.455543875694275,,1299
,,,0,1.505218744277954,,1304
,,,0,1.4604829549789429,,1309
,,,0,1.5548540353775024,,1314
,,,0,1.4539697170257568,,1319
,,,0,1.5255008935928345,,1324
,,,0,1.487897276878357,,1329
,,,0,1.5101344585418701,,1334
,,,0,1.4439871311187744,,1339
,,,0,1.5841331481933594,,1344
,,,0,1.4198806285858154,,1349
,,,0,1.4400866031646729,,1354
,,,0,1.5444954633712769,,1359
,,,0,1.557539701461792,,1364
,,,0,1.4965049028396606,,1369
,,,0,1.5537528991699219,,1374
,,,0,1.496495246887207,,1379
,,,0,1.3955740928649902,,1384
,,,0,1.4957830905914307,,1389
,,,0,1.4748996496200562,,1394
,,,0,1.599549412727356,,1399
,,,0,1.4926003217697144,,1404
,,,0,1.5589755773544312,,1409
,,,0,1.4790098667144775,,1414
,,,0,1.6211317777633667,,1419
,,,0,1.5268572568893433,,1424
,,,0,1.4891029596328735,,1429
,,,0,1.4786566495895386,,1434
,,,0,1.5523537397384644,,1439
,,,0,1.5515387058258057,,1444
,,,0,1.4092612266540527,,1449
,,,0,1.4712612628936768,,1454
,,,0,1.6129518747329712,,1459
,,,0,1.4850996732711792,,1464
,,,0,1.4803284406661987,,1469
,,,0,1.551344394683838,,1474
,,,0,1.513442039489746,,1479
,,,0,1.470020055770874,,1484
,,,0,1.4230399131774902,,1489
,,,0,1.4255971908569336,,1494
,,,0,1.4602298736572266,,1499
,,,0,1.5431797504425049,,1504
,,,0,1.5044227838516235,,1509
,,,0,1.4033589363098145,,1514
,,,0,1.4800342321395874,,1519
,,0.27559053897857666,0,,1.5420997142791748,1522
,0.29384303092956543,,0,,,1522
,,,1,1.5501501560211182,,1524
,,,1,1.4464898109436035,,1529
,,,1,1.490031361579895,,1534
,,,1,1.5162932872772217,,1539
,,,1,1.4954850673675537,,1544
,,,1,1.312520146369934,,1549
,,,1,1.4787341356277466,,1554
,,,1,1.5265921354293823,,1559
,,,1,1.40277099609375,,1564
,,,1,1.5558658838272095,,1569
,,,1,1.6050894260406494,,1574
,,,1,1.492663025856018,,1579
,,,1,1.4978967905044556,,1584
,,,1,1.4780088663101196,,1589
,,,1,1.4108026027679443,,1594
,,,1,1.449921727180481,,1599
,,,1,1.453683614730835,,1604
,,,1,1.4774445295333862,,1609
,,,1,1.4850847721099854,,1614
,,,1,1.4803571701049805,,1619
,,,1,1.4347376823425293,,1624
,,,1,1.3539077043533325,,1629
,,,1,1.4505056142807007,,1634
,,,1,1.4658563137054443,,1639
,,,1,1.4729005098342896,,1644
,,,1,1.5967992544174194,,1649
,,,1,1.4353569746017456,,1654
,,,1,1.5762832164764404,,1659
,,,1,1.4613521099090576,,1664
,,,1,1.4550399780273438,,1669
,,,1,1.411517858505249,,1674
,,,1,1.6218472719192505,,1679
,,,1,1.4533008337020874,,1684
,,,1,1.516925573348999,,1689
,,,1,1.4896328449249268,,1694
,,,1,1.4365423917770386,,1699
,,,1,1.3956739902496338,,1704
,,,1,1.5347594022750854,,1709
,,,1,1.340541958808899,,1714
,,,1,1.5435194969177246,,1719
,,,1,1.5101946592330933,,1724
,,,1,1.45188307762146,,1729
,,,1,1.4080555438995361,,1734
,,,1,1.478798508644104,,1739
,,,1,1.5523037910461426,,1744
,,,1,1.543501615524292,,1749
,,,1,1.4252769947052002,,1754
,,,1,1.3862800598144531,,1759
,,,1,1.6077817678451538,,1764
,,,1,1.556965947151184,,1769
,,,1,1.4819884300231934,,1774
,,,1,1.5650124549865723,,1779
,,,1,1.5155085325241089,,1784
,,,1,1.5010932683944702,,1789
,,,1,1.4033410549163818,,1794
,,,1,1.526272177696228,,1799
,,,1,1.5386924743652344,,1804
,,,1,1.568987488746643,,1809
,,,1,1.5503724813461304,,1814
,,,1,1.4857374429702759,,1819
,,,1,1.4380735158920288,,1824
,,,1,1.388636827468872,,1829
,,,1,1.4414572715759277,,1834
,,,1,1.4150186777114868,,1839
,,,1,1.4325940608978271,,1844
,,,1,1.5694421529769897,,1849
,,,1,1.4222913980484009,,1854
,,,1,1.4374338388442993,,1859
,,,1,1.5281175374984741,,1864
,,,1,1.453202247619629,,1869
,,,1,1.4578863382339478,,1874
,,,1,1.5462158918380737,,1879
,,,1,1.3778479099273682,,1884
,,,1,1.3676724433898926,,1889
,,,1,1.4625797271728516,,1894
,,,1,1.4608575105667114,,1899
,,,1,1.4952147006988525,,1904
,,,1,1.5375590324401855,,1909
,,,1,1.398665189743042,,1914
,,,1,1.4584828615188599,,1919
,,,1,1.4849402904510498,,1924
,,,1,1.4930083751678467,,1929
,,,1,1.502666711807251,,1934
,,,1,1.496549129486084,,1939
,,,1,1.4462887048721313,,1944
,,,1,1.4578447341918945,,1949
,,,1,1.5349966287612915,,1954
,,,1,1.454970359802246,,1959
,,,1,1.4316916465759277,,1964
,,,1,1.4833836555480957,,1969
,,,1,1.3754019737243652,,1974
,,,1,1.4937177896499634,,1979
,,,1,1.3752713203430176,,1984
,,,1,1.4347784519195557,,1989
,,,1,1.5572689771652222,,1994
,,,1,1.4790992736816406,,1999
,,,1,1.5039976835250854,,2004
,,,1,1.5024633407592773,,2009
,,,1,1.4401512145996094,,2014
,,,1,1.5393383502960205,,2019
,,,1,1.4305400848388672,,2024
,,,1,1.3913097381591797,,2029
,,,1,1.4923261404037476,,2034
,,,1,1.5122483968734741,,2039
,,,1,1.4433399438858032,,2044
,,,1,1.5508668422698975,,2049
,,,1,1.41732919216156,,2054
,,,1,1.4925185441970825,,2059
,,,1,1.3903886079788208,,2064
,,,1,1.4467105865478516,,2069
,,,1,1.4887149333953857,,2074
,,,1,1.4599634408950806,,2079
,,,1,1.50856614112854,,2084
,,,1,1.5136535167694092,,2089
,,,1,1.5276222229003906,,2094
,,,1,1.4769917726516724,,2099
,,,1,1.4524154663085938,,2104
,,,1,1.3774683475494385,,2109
,,,1,1.4409469366073608,,2114
,,,1,1.523215651512146,,2119
,,,1,1.5219776630401611,,2124
,,,1,1.5584872961044312,,2129
,,,1,1.4638831615447998,,2134
,,,1,1.475461483001709,,2139
,,,1,1.3997128009796143,,2144
,,,1,1.4699106216430664,,2149
,,,1,1.5178014039993286,,2154
,,,1,1.4384413957595825,,2159
,,,1,1.3291685581207275,,2164
,,,1,1.3677831888198853,,2169
,,,1,1.5257383584976196,,2174
,,,1,1.6058140993118286,,2179
,,,1,1.449480414390564,,2184
,,,1,1.4499162435531616,,2189
,,,1,1.3922919034957886,,2194
,,,1,1.4146746397018433,,2199
,,,1,1.4463108777999878,,2204
,,,1,1.5252286195755005,,2209
,,,1,1.4849094152450562,,2214
,,,1,1.327075719833374,,2219
,,,1,1.3781436681747437,,2224
,,,1,1.4461430311203003,,2229
,,,1,1.3936349153518677,,2234
,,,1,1.5259575843811035,,2239
,,,1,1.5533525943756104,,2244
,,,1,1.475985050201416,,2249
,,,1,1.4386907815933228,,2254
,,,1,1.5369359254837036,,2259
,,,1,1.5095841884613037,,2264
,,,1,1.4521540403366089,,2269
,,,1,1.46602463722229,,2274
,,,1,1.4518260955810547,,2279
,,,1,1.5157583951950073,,2284
,,,1,1.4079580307006836,,2289
,,,1,1.3868650197982788,,2294
,,,1,1.5044946670532227,,2299
,,,1,1.4483919143676758,,2304
,,,1,1.4356533288955688,,2309
,,,1,1.4448286294937134,,2314
,,,1,1.5885937213897705,,2319
,,,1,1.571914553642273,,2324
,,,1,1.4688037633895874,,2329
,,,1,1.431141972541809,,2334
,,,1,1.4945027828216553,,2339
,,,1,1.5113197565078735,,2344
,,,1,1.369896411895752,,2349
,,,1,1.4242753982543945,,2354
,,,1,1.4813988208770752,,2359
,,,1,1.4264215230941772,,2364
,,,1,1.379452109336853,,2369
,,,1,1.4064664840698242,,2374
,,,1,1.46139395236969,,2379
,,,1,1.4913522005081177,,2384
,,,1,1.4485695362091064,,2389
,,,1,1.4232087135314941,,2394
,,,1,1.4334282875061035,,2399
,,,1,1.4672565460205078,,2404
,,,1,1.426519513130188,,2409
,,,1,1.4381091594696045,,2414
,,,1,1.3326942920684814,,2419
,,,1,1.4563705921173096,,2424
,,,1,1.498260259628296,,2429
,,,1,1.4151394367218018,,2434
,,,1,1.4284533262252808,,2439
,,,1,1.433976650238037,,2444
,,,1,1.4335161447525024,,2449
,,,1,1.4884858131408691,,2454
,,,1,1.4303678274154663,,2459
,,,1,1.4911442995071411,,2464
,,,1,1.5053529739379883,,2469
,,,1,1.434687614440918,,2474
,,,1,1.4694952964782715,,2479
,,,1,1.4836180210113525,,2484
,,,1,1.4701095819473267,,2489
,,,1,1.4369536638259888,,2494
,,,1,1.4111815690994263,,2499
,,,1,1.4434585571289062,,2504
,,,1,1.4370079040527344,,2509
,,,1,1.51315176486969,,2514
,,,1,1.4694360494613647,,2519
,,,1,1.4777803421020508,,2524
,,,1,1.5203616619110107,,2529
,,,1,1.4320487976074219,,2534
,,,1,1.5167934894561768,,2539
,,,1,1.4259146451950073,,2544
,,,1,1.4876347780227661,,2549
,,,1,1.5349754095077515,,2554
,,,1,1.4432088136672974,,2559
,,,1,1.576820731163025,,2564
,,,1,1.4186279773712158,,2569
,,,1,1.5344631671905518,,2574
,,,1,1.348131775856018,,2579
,,,1,1.4221018552780151,,2584
,,,1,1.3817472457885742,,2589
,,,1,1.476189374923706,,2594
,,,1,1.5979841947555542,,2599
,,,1,1.4350883960723877,,2604
,,,1,1.3979527950286865,,2609
,,,1,1.4575796127319336,,2614
,,,1,1.3868680000305176,,2619
,,,1,1.3724803924560547,,2624
,,,1,1.4257431030273438,,2629
,,,1,1.4728463888168335,,2634
,,,1,1.5281697511672974,,2639
,,,1,1.5371241569519043,,2644
,,,1,1.3757743835449219,,2649
,,,1,1.4598816633224487,,2654
,,,1,1.3991975784301758,,2659
,,,1,1.3823349475860596,,2664
,,,1,1.472477674484253,,2669
,,,1,1.392663836479187,,2674
,,,1,1.4859097003936768,,2679
,,,1,1.5001604557037354,,2684
,,,1,1.486997365951538,,2689
,,,1,1.3926758766174316,,2694
,,,1,1.4112777709960938,,2699
,,,1,1.42311692237854,,2704
,,,1,1.5015885829925537,,2709
,,,1,1.4591971635818481,,2714
,,,1,1.4501757621765137,,2719
,,,1,1.3528919219970703,,2724
,,,1,1.3408499956130981,,2729
,,,1,1.356397271156311,,2734
,,,1,1.5387846231460571,,2739
,,,1,1.4013015031814575,,2744
,,,1,1.4475630521774292,,2749
,,,1,1.4371376037597656,,2754
,,,1,1.473313570022583,,2759
,,,1,1.4521621465682983,,2764
,,,1,1.3900294303894043,,2769
,,,1,1.5870705842971802,,2774
,,,1,1.526990294456482,,2779
,,,1,1.3896636962890625,,2784
,,,1,1.4749557971954346,,2789
,,,1,1.4306312799453735,,2794
,,,1,1.4492188692092896,,2799
,,,1,1.416739821434021,,2804
,,,1,1.3290855884552002,,2809
,,,1,1.5035561323165894,,2814
,,,1,1.4521702527999878,,2819
,,,1,1.5205026865005493,,2824
,,,1,1.431100845336914,,2829
,,,1,1.4196209907531738,,2834
,,,1,1.4475823640823364,,2839
,,,1,1.3957245349884033,,2844
,,,1,1.3931416273117065,,2849
,,,1,1.4084198474884033,,2854
,,,1,1.4648922681808472,,2859
,,,1,1.4080281257629395,,2864
,,,1,1.3808777332305908,,2869
,,,1,1.4289052486419678,,2874
,,,1,1.6418088674545288,,2879
,,,1,1.3937280178070068,,2884
,,,1,1.4987725019454956,,2889
,,,1,1.3146899938583374,,2894
,,,1,1.3889379501342773,,2899
,,,1,1.4678651094436646,,2904
,,,1,1.4642419815063477,,2909
,,,1,1.4543285369873047,,2914
,,,1,1.41354238986969,,2919
,,,1,1.5387319326400757,,2924
,,,1,1.394075870513916,,2929
,,,1,1.5122122764587402,,2934
,,,1,1.4577420949935913,,2939
,,,1,1.4749248027801514,,2944
,,,1,1.4078989028930664,,2949
,,,1,1.5031800270080566,,2954
,,,1,1.3719482421875,,2959
,,,1,1.3513436317443848,,2964
,,,1,1.3822983503341675,,2969
,,,1,1.4214500188827515,,2974
,,,1,1.4847121238708496,,2979
,,,1,1.4793390035629272,,2984
,,,1,1.4347312450408936,,2989
,,,1,1.51785147190094,,2994
,,,1,1.4482471942901611,,2999
,,,1,1.5558559894561768,,3004
,,,1,1.4723789691925049,,3009
,,,1,1.489081859588623,,3014
,,,1,1.4857079982757568,,3019
,,,1,1.3987221717834473,,3024
,,,1,1.3495676517486572,,3029
,,,1,1.3753900527954102,,3034
,,,1,1.3810930252075195,,3039
,,,1,1.4052683115005493,,3044
,,0.27165353298187256,1,,1.5778419971466064,3045
,0.35883939266204834,,1,,,3045
,,,2,1.445043683052063,,3049
,,,2,1.30875825881958,,3054
,,,2,1.3618699312210083,,3059
,,,2,1.3763929605484009,,3064
,,,2,1.4151103496551514,,3069
,,,2,1.442130446434021,,3074
,,,2,1.3118348121643066,,3079
,,,2,1.4843851327896118,,3084
,,,2,1.379451870918274,,3089
,,,2,1.4043110609054565,,3094
,,,2,1.300175428390503,,3099
,,,2,1.3680167198181152,,3104
,,,2,1.4168421030044556,,3109
,,,2,1.3946210145950317,,3114
,,,2,1.498329520225525,,3119
,,,2,1.374220371246338,,3124
,,,2,1.3811076879501343,,3129
,,,2,1.525915265083313,,3134
,,,2,1.3581089973449707,,3139
,,,2,1.3509483337402344,,3144
,,,2,1.4791377782821655,,3149
,,,2,1.3462872505187988,,3154
,,,2,1.4033398628234863,,3159
,,,2,1.368440866470337,,3164
,,,2,1.4716179370880127,,3169
,,,2,1.4000015258789062,,3174
,,,2,1.4940948486328125,,3179
,,,2,1.4699938297271729,,3184
,,,2,1.3919379711151123,,3189
,,,2,1.4438608884811401,,3194
,,,2,1.3466618061065674,,3199
,,,2,1.4478795528411865,,3204
,,,2,1.4489681720733643,,3209
,,,2,1.3408241271972656,,3214
,,,2,1.3456358909606934,,3219
,,,2,1.3987171649932861,,3224
,,,2,1.4627798795700073,,3229
,,,2,1.4058738946914673,,3234
,,,2,1.456756591796875,,3239
,,,2,1.3950897455215454,,3244
,,,2,1.442747712135315,,3249
,,,2,1.442844033241272,,3254
,,,2,1.4535006284713745,,3259
,,,2,1.3642990589141846,,3264
,,,2,1.4638781547546387,,3269
,,,2,1.4757575988769531,,3274
,,,2,1.3524134159088135,,3279
,,,2,1.5065470933914185,,3284
,,,2,1.3434516191482544,,3289
,,,2,1.460106372833252,,3294
,,,2,1.5275695323944092,,3299
,,,2,1.5412869453430176,,3304
,,,2,1.307157278060913,,3309
,,,2,1.4306640625,,3314
,,,2,1.4497920274734497,,3319
,,,2,1.334029197692871,,3324
,,,2,1.3239233493804932,,3329
,,,2,1.48919677734375,,3334
,,,2,1.2773160934448242,,3339
,,,2,1.2462666034698486,,3344
,,,2,1.481651782989502,,3349
,,,2,1.3988392353057861,,3354
,,,2,1.4611281156539917,,3359
,,,2,1.4803715944290161,,3364
,,,2,1.2846481800079346,,3369
,,,2,1.3932061195373535,,3374
,,,2,1.4283158779144287,,3379
,,,2,1.4644415378570557,,3384
,,,2,1.3765645027160645,,3389
,,,2,1.2427376508712769,,3394
,,,2,1.431837558746338,,3399
,,,2,1.4308691024780273,,3404
,,,2,1.419749140739441,,3409
,,,2,1.2370996475219727,,3414
,,,2,1.4336618185043335,,3419
,,,2,1.5160601139068604,,3424
,,,2,1.4452896118164062,,3429
,,,2,1.4543704986572266,,3434
,,,2,1.3897831439971924,,3439
,,,2,1.4192531108856201,,3444
,,,2,1.4603874683380127,,3449
,,,2,1.4461774826049805,,3454
,,,2,1.3260228633880615,,3459
,,,2,1.3319079875946045,,3464
,,,2,1.4438425302505493,,3469
,,,2,1.3483601808547974,,3474
,,,2,1.3385645151138306,,3479
,,,2,1.355287790298462,,3484
,,,2,1.466261625289917,,3489
,,,2,1.246339201927185,,3494
,,,2,1.3475277423858643,,3499
,,,2,1.301500916481018,,3504
,,,2,1.3927021026611328,,3509
,,,2,1.2877538204193115,,3514
,,,2,1.4468649625778198,,3519
,,,2,1.35001802444458,,3524
,,,2,1.3933801651000977,,3529
,,,2,1.4286086559295654,,3534
,,,2,1.3541162014007568,,3539
,,,2,1.3743091821670532,,3544
,,,2,1.4272207021713257,,3549
,,,2,1.4655253887176514,,3554
,,,2,1.342869758605957,,3559
,,,2,1.4075043201446533,,3564
,,,2,1.4213255643844604,,3569
,,,2,1.3737391233444214,,3574
,,,2,1.5206525325775146,,3579
,,,2,1.4742274284362793,,3584
,,,2,1.283318281173706,,3589
,,,2,1.4665675163269043,,3594
,,,2,1.4141650199890137,,3599
,,,2,1.3491969108581543,,3604
,,,2,1.4077599048614502,,3609
,,,2,1.4251028299331665,,3614
,,,2,1.3849496841430664,,3619
,,,2,1.3491461277008057,,3624
,,,2,1.5133397579193115,,3629
,,,2,1.3706867694854736,,3634
,,,2,1.3611329793930054,,3639
,,,2,1.441656470298767,,3644
,,,2,1.389483094215393,,3649
,,,2,1.3429445028305054,,3654
,,,2,1.4802131652832031,,3659
,,,2,1.3630149364471436,,3664
,,,2,1.318236231803894,,3669
,,,2,1.3882979154586792,,3674
,,,2,1.5127366781234741,,3679
,,,2,1.4745591878890991,,3684
,,,2,1.2985950708389282,,3689
,,,2,1.4419456720352173,,3694
,,,2,1.464578628540039,,3699
,,,2,1.568824291229248,,3704
,,,2,1.4418511390686035,,3709
,,,2,1.3948724269866943,,3714
,,,2,1.3567602634429932,,3719
,,,2,1.38796865940094,,3724
,,,2,1.4933912754058838,,3729
,,,2,1.4205725193023682,,3734
,,,2,1.4558130502700806,,3739
,,,2,1.4238907098770142,,3744
,,,2,1.38493013381958,,3749
,,,2,1.497908592224121,,3754
,,,2,1.341740608215332,,3759
,,,2,1.413610816001892,,3764
,,,2,1.4436959028244019,,3769
,,,2,1.4087116718292236,,3774
,,,2,1.4205251932144165,,3779
,,,2,1.4536635875701904,,3784
,,,2,1.4723596572875977,,3789
,,,2,1.424058198928833,,3794
,,,2,1.4475072622299194,,3799
,,,2,1.382421851158142,,3804
,,,2,1.4191317558288574,,3809
,,,2,1.4776898622512817,,3814
,,,2,1.4452095031738281,,3819
,,,2,1.388357162475586,,3824
,,,2,1.3975789546966553,,3829
,,,2,1.411232352256775,,3834
,,,2,1.3256652355194092,,3839
,,,2,1.3333271741867065,,3844
,,,2,1.3433754444122314,,3849
,,,2,1.332728385925293,,3854
,,,2,1.3111439943313599,,3859
,,,2,1.6116498708724976,,3864
,,,2,1.457351565361023,,3869
,,,2,1.4272735118865967,,3874
,,,2,1.3579652309417725,,3879
,,,2,1.4632331132888794,,3884
,,,2,1.3256562948226929,,3889
,,,2,1.4760724306106567,,3894
,,,2,1.357547640800476,,3899
,,,2,1.5616097450256348,,3904
,,,2,1.3920044898986816,,3909
,,,2,1.4285978078842163,,3914
,,,2,1.4248340129852295,,3919
,,,2,1.3104912042617798,,3924
,,,2,1.4555870294570923,,3929
,,,2,1.4849506616592407,,3934
,,,2,1.4730392694473267,,3939
,,,2,1.3670727014541626,,3944
,,,2,1.3438326120376587,,3949
,,,2,1.4840426445007324,,3954
,,,2,1.4472014904022217,,3959
,,,2,1.4421106576919556,,3964
,,,2,1.4277836084365845,,3969
,,,2,1.3750877380371094,,3974
,,,2,1.3633335828781128,,3979
,,,2,1.5246381759643555,,3984
,,,2,1.4131643772125244,,3989
,,,2,1.3828396797180176,,3994
,,,2,1.4185235500335693,,3999
,,,2,1.3288463354110718,,4004
,,,2,1.4143966436386108,,4009
,,,2,1.3742724657058716,,4014
,,,2,1.377768635749817,,4019
,,,2,1.3753875494003296,,4024
,,,2,1.3634306192398071,,4029
,,,2,1.403526782989502,,4034
,,,2,1.4710830450057983,,4039
,,,2,1.443253517150879,,4044
,,,2,1.4524000883102417,,4049
,,,2,1.2950515747070312,,4054
,,,2,1.3672760725021362,,4059
,,,2,1.3573952913284302,,4064
,,,2,1.3817635774612427,,4069
,,,2,1.47530198097229,,4074
,,,2,1.3734021186828613,,4079
,,,2,1.4385265111923218,,4084
,,,2,1.4417387247085571,,4089
,,,2,1.40110445022583,,4094
,,,2,1.4959133863449097,,4099
,,,2,1.4045363664627075,,4104
,,,2,1.4925460815429688,,4109
,,,2,1.3548039197921753,,4114
,,,2,1.4275072813034058,,4119
,,,2,1.54505455493927,,4124
,,,2,1.3932039737701416,,4129
,,,2,1.3974897861480713,,4134
,,,2,1.492132544517517,,4139
,,,2,1.4377321004867554,,4144
,,,2,1.40846848487854,,4149
,,,2,1.4063911437988281,,4154
,,,2,1.4971870183944702,,4159
,,,2,1.479067325592041,,4164
,,,2,1.4336607456207275,,4169
,,,2,1.4385528564453125,,4174
,,,2,1.4480119943618774,,4179
,,,2,1.4062855243682861,,4184
,,,2,1.4569443464279175,,4189
,,,2,1.35360586643219,,4194
,,,2,1.460497260093689,,4199
,,,2,1.3215941190719604,,4204
,,,2,1.3683075904846191,,4209
,,,2,1.4035685062408447,,4214
,,,2,1.4927959442138672,,4219
,,,2,1.337784767150879,,4224
,,,2,1.3715516328811646,,4229
,,,2,1.4204566478729248,,4234
,,,2,1.3824962377548218,,4239
,,,2,1.397277593612671,,4244
,,,2,1.5181647539138794,,4249
,,,2,1.2663111686706543,,4254
,,,2,1.3783162832260132,,4259
,,,2,1.464012861251831,,4264
,,,2,1.5034756660461426,,4269
,,,2,1.3483580350875854,,4274
,,,2,1.4093343019485474,,4279
,,,2,1.4373936653137207,,4284
,,,2,1.5312751531600952,,4289
,,,2,1.4044584035873413,,4294
,,,2,1.4375156164169312,,4299
,,,2,1.4415082931518555,,4304
,,,2,1.5013211965560913,,4309
,,,2,1.4362273216247559,,4314
,,,2,1.4256792068481445,,4319
,,,2,1.4316368103027344,,4324
,,,2,1.4863475561141968,,4329
,,,2,1.5375752449035645,,4334
,,,2,1.3202358484268188,,4339
,,,2,1.469339370727539,,4344
,,,2,1.4143612384796143,,4349
,,,2,1.4740984439849854,,4354
,,,2,1.4642035961151123,,4359
,,,2,1.407355546951294,,4364
,,,2,1.3452577590942383,,4369
,,,2,1.417995810508728,,4374
,,,2,1.4140251874923706,,4379
,,,2,1.380537748336792,,4384
,,,2,1.438302755355835,,4389
,,,2,1.4366258382797241,,4394
,,,2,1.4647338390350342,,4399
,,,2,1.3772460222244263,,4404
,,,2,1.4360250234603882,,4409
,,,2,1.3877187967300415,,4414
,,,2,1.370560646057129,,4419
,,,2,1.4624594449996948,,4424
,,,2,1.4117497205734253,,4429
,,,2,1.3881933689117432,,4434
,,,2,1.3806571960449219,,4439
,,,2,1.4994285106658936,,4444
,,,2,1.4753283262252808,,4449
,,,2,1.4504681825637817,,4454
,,,2,1.4048951864242554,,4459
,,,2,1.421217918395996,,4464
,,,2,1.3858482837677002,,4469
,,,2,1.4412593841552734,,4474
,,,2,1.465712070465088,,4479
,,,2,1.4489601850509644,,4484
,,,2,1.4399486780166626,,4489
,,,2,1.3768452405929565,,4494
,,,2,1.3124881982803345,,4499
,,,2,1.538189172744751,,4504
,,,2,1.4080411195755005,,4509
,,,2,1.4484481811523438,,4514
,,,2,1.4310073852539062,,4519
,,,2,1.474388599395752,,4524
,,,2,1.3908754587173462,,4529
,,,2,1.4283961057662964,,4534
,,,2,1.4710050821304321,,4539
,,,2,1.402800440788269,,4544
,,,2,1.4068455696105957,,4549
,,,2,1.3991659879684448,,4554
,,,2,1.3222500085830688,,4559
,,,2,1.4311050176620483,,4564
,,0.26377952098846436,2,,1.567803978919983,4568
,0.3903988003730774,,2,,,4568
,,,3,1.4100309610366821,,4569
,,,3,1.3195581436157227,,4574
,,,3,1.4358619451522827,,4579
,,,3,1.4938359260559082,,4584
,,,3,1.3883219957351685,,4589
,,,3,1.381137728691101,,4594
,,,3,1.3925395011901855,,4599
,,,3,1.4292938709259033,,4604
,,,3,1.3534399271011353,,4609
,,,3,1.4583786725997925,,4614
,,,3,1.5021551847457886,,4619
,,,3,1.3467273712158203,,4624
,,,3,1.3442107439041138,,4629
,,,3,1.335545539855957,,4634
,,,3,1.3199944496154785,,4639
,,,3,1.3866432905197144,,4644
,,,3,1.5418126583099365,,4649
,,,3,1.4458017349243164,,4654
,,,3,1.3988795280456543,,4659
,,,3,1.3611377477645874,,4664
,,,3,1.416906476020813,,4669
,,,3,1.3923957347869873,,4674
,,,3,1.3435357809066772,,4679
,,,3,1.3230772018432617,,4684
,,,3,1.4261919260025024,,4689
,,,3,1.386206865310669,,4694
,,,3,1.5437021255493164,,4699
,,,3,1.4829535484313965,,4704
,,,3,1.3703155517578125,,4709
,,,3,1.3547910451889038,,4714
,,,3,1.4837281703948975,,4719
,,,3,1.3311173915863037,,4724
,,,3,1.4365389347076416,,4729
,,,3,1.2696620225906372,,4734
,,,3,1.3645268678665161,,4739
,,,3,1.4547399282455444,,4744
,,,3,1.4276933670043945,,4749
,,,3,1.4692769050598145,,4754
,,,3,1.3375282287597656,,4759
,,,3,1.3981794118881226,,4764
,,,3,1.5203825235366821,,4769
,,,3,1.3144093751907349,,4774
,,,3,1.3211395740509033,,4779
,,,3,1.3885353803634644,,4784
,,,3,1.297271490097046,,4789
,,,3,1.416616678237915,,4794
,,,3,1.3643920421600342,,4799
,,,3,1.2993135452270508,,4804
,,,3,1.3915208578109741,,4809
,,,3,1.4549808502197266,,4814
,,,3,1.3454360961914062,,4819
,,,3,1.2768304347991943,,4824
,,,3,1.4336587190628052,,4829
,,,3,1.4074395895004272,,4834
,,,3,1.3878504037857056,,4839
,,,3,1.4169691801071167,,4844
,,,3,1.399543285369873,,4849
,,,3,1.4106377363204956,,4854
,,,3,1.4213746786117554,,4859
,,,3,1.432307481765747,,4864
,,,3,1.3336938619613647,,4869
,,,3,1.2934138774871826,,4874
,,,3,1.4844971895217896,,4879
,,,3,1.4491558074951172,,4884
,,,3,1.4548286199569702,,4889
,,,3,1.4158470630645752,,4894
,,,3,1.3259708881378174,,4899
,,,3,1.368148684501648,,4904
,,,3,1.3390101194381714,,4909
,,,3,1.4790750741958618,,4914
,,,3,1.3683377504348755,,4919
,,,3,1.4519734382629395,,4924
,,,3,1.3520983457565308,,4929
,,,3,1.4809620380401611,,4934
,,,3,1.2771409749984741,,4939
,,,3,1.38300621509552,,4944
,,,3,1.3496423959732056,,4949
,,,3,1.3694263696670532,,4954
,,,3,1.4005805253982544,,4959
,,,3,1.2980380058288574,,4964
,,,3,1.298843264579773,,4969
,,,3,1.3498212099075317,,4974
,,,3,1.4086198806762695,,4979
,,,3,1.4577338695526123,,4984
,,,3,1.5370869636535645,,4989
,,,3,1.3155509233474731,,4994
,,,3,1.4033575057983398,,4999
,,,3,1.26218843460083,,5004
,,,3,1.4428260326385498,,5009
,,,3,1.4682825803756714,,5014
,,,3,1.361629843711853,,5019
,,,3,1.5335417985916138,,5024
,,,3,1.473620891571045,,5029
,,,3,1.4782865047454834,,5034
,,,3,1.2816507816314697,,5039
,,,3,1.3521517515182495,,5044
,,,3,1.330196499824524,,5049
,,,3,1.4726768732070923,,5054
,,,3,1.4108448028564453,,5059
,,,3,1.3725324869155884,,5064
,,,3,1.3776280879974365,,5069
,,,3,1.3535860776901245,,5074
,,,3,1.3331396579742432,,5079
,,,3,1.3736281394958496,,5084
,,,3,1.3590962886810303,,5089
,,,3,1.4598290920257568,,5094
,,,3,1.226272702217102,,5099
,,,3,1.3865207433700562,,5104
,,,3,1.264076828956604,,5109
,,,3,1.3523445129394531,,5114
,,,3,1.3598928451538086,,5119
,,,3,1.4381026029586792,,5124
,,,3,1.4824695587158203,,5129
,,,3,1.4348208904266357,,5134
,,,3,1.4222009181976318,,5139
,,,3,1.435957670211792,,5144
,,,3,1.3075913190841675,,5149
,,,3,1.3753739595413208,,5154
,,,3,1.5001928806304932,,5159
,,,3,1.3830184936523438,,5164
,,,3,1.4073081016540527,,5169
,,,3,1.426237940788269,,5174
,,,3,1.3058444261550903,,5179
,,,3,1.239742398262024,,5184
,,,3,1.4184424877166748,,5189
,,,3,1.4724148511886597,,5194
,,,3,1.4601540565490723,,5199
,,,3,1.483741044998169,,5204
,,,3,1.5751183032989502,,5209
,,,3,1.4062315225601196,,5214
,,,3,1.4343037605285645,,5219
,,,3,1.4098095893859863,,5224
,,,3,1.3232194185256958,,5229
,,,3,1.3992916345596313,,5234
,,,3,1.4653596878051758,,5239
,,,3,1.4877184629440308,,5244
,,,3,1.2942100763320923,,5249
,,,3,1.4295976161956787,,5254
,,,3,1.444275140762329,,5259
,,,3,1.3233215808868408,,5264
,,,3,1.4890799522399902,,5269
,,,3,1.4667168855667114,,5274
,,,3,1.280786395072937,,5279
,,,3,1.316866159439087,,5284
,,,3,1.438624620437622,,5289
,,,3,1.3589024543762207,,5294
,,,3,1.475969672203064,,5299
,,,3,1.39010488986969,,5304
,,,3,1.3205779790878296,,5309
,,,3,1.3959962129592896,,5314
,,,3,1.421264886856079,,5319
,,,3,1.3085678815841675,,5324
,,,3,1.3652164936065674,,5329
,,,3,1.3926684856414795,,5334
,,,3,1.3946046829223633,,5339
,,,3,1.509451985359192,,5344
,,,3,1.3534780740737915,,5349
,,,3,1.3536337614059448,,5354
,,,3,1.3074599504470825,,5359
,,,3,1.3902778625488281,,5364
,,,3,1.3625752925872803,,5369
,,,3,1.3977605104446411,,5374
,,,3,1.475467324256897,,5379
,,,3,1.3755635023117065,,5384
,,,3,1.473437786102295,,5389
,,,3,1.525800108909607,,5394
,,,3,1.434584140777588,,5399
,,,3,1.4974398612976074,,5404
,,,3,1.4072448015213013,,5409
,,,3,1.3020647764205933,,5414
,,,3,1.447036862373352,,5419
,,,3,1.3740592002868652,,5424
,,,3,1.269566535949707,,5429
,,,3,1.3859792947769165,,5434
,,,3,1.4319566488265991,,5439
,,,3,1.3608988523483276,,5444
,,,3,1.3345842361450195,,5449
,,,3,1.4117891788482666,,5454
,,,3,1.3462167978286743,,5459
,,,3,1.4682806730270386,,5464
,,,3,1.287908673286438,,5469
,,,3,1.3203847408294678,,5474
,,,3,1.4165980815887451,,5479
,,,3,1.3923859596252441,,5484
,,,3,1.4148914813995361,,5489
,,,3,1.300410270690918,,5494
,,,3,1.3483141660690308,,5499
,,,3,1.4214985370635986,,5504
,,,3,1.5511070489883423,,5509
,,,3,1.2800805568695068,,5514
,,,3,1.4452831745147705,,5519
,,,3,1.2839959859848022,,5524
,,,3,1.327454686164856,,5529
,,,3,1.5317363739013672,,5534
,,,3,1.552701711654663,,5539
,,,3,1.4250649213790894,,5544
,,,3,1.3817830085754395,,5549
,,,3,1.424058437347412,,5554
,,,3,1.4031075239181519,,5559
,,,3,1.4102511405944824,,5564
,,,3,1.2608221769332886,,5569
,,,3,1.360711693763733,,5574
,,,3,1.4313865900039673,,5579
,,,3,1.3396272659301758,,5584
,,,3,1.4139652252197266,,5589
,,,3,1.4155611991882324,,5594
,,,3,1.313841700553894,,5599
,,,3,1.4552960395812988,,5604
,,,3,1.5296059846878052,,5609
,,,3,1.4377182722091675,,5614
,,,3,1.4841876029968262,,5619
,,,3,1.4751516580581665,,5624
,,,3,1.348279356956482,,5629
,,,3,1.5122216939926147,,5634
,,,3,1.375784993171692,,5639
,,,3,1.30209481716156,,5644
,,,3,1.4063481092453003,,5649
,,,3,1.3569711446762085,,5654
,,,3,1.4059631824493408,,5659
,,,3,1.291863203048706,,5664
,,,3,1.3287192583084106,,5669
,,,3,1.377650499343872,,5674
,,,3,1.3754851818084717,,5679
,,,3,1.2436953783035278,,5684
,,,3,1.378707766532898,,5689
,,,3,1.3678292036056519,,5694
,,,3,1.3642469644546509,,5699
,,,3,1.3628365993499756,,5704
,,,3,1.3632445335388184,,5709
,,,3,1.412233591079712,,5714
,,,3,1.387356162071228,,5719
,,,3,1.366915225982666,,5724
,,,3,1.3187214136123657,,5729
,,,3,1.529355764389038,,5734
,,,3,1.5114130973815918,,5739
,,,3,1.3595876693725586,,5744
,,,3,1.4124594926834106,,5749
,,,3,1.421771764755249,,5754
,,,3,1.4453530311584473,,5759
,,,3,1.336219310760498,,5764
,,,3,1.3194912672042847,,5769
,,,3,1.3247520923614502,,5774
,,,3,1.401140570640564,,5779
,,,3,1.3492069244384766,,5784
,,,3,1.4030286073684692,,5789
,,,3,1.4378714561462402,,5794
,,,3,1.4346176385879517,,5799
,,,3,1.4365386962890625,,5804
,,,3,1.4491206407546997,,5809
,,,3,1.3451428413391113,,5814
,,,3,1.3122628927230835,,5819
,,,3,1.3508813381195068,,5824
,,,3,1.2684087753295898,,5829
,,,3,1.3367522954940796,,5834
,,,3,1.24972403049469,,5839
,,,3,1.466080665588379,,5844
,,,3,1.4611427783966064,,5849
,,,3,1.2920303344726562,,5854
,,,3,1.4689401388168335,,5859
,,,3,1.4032094478607178,,5864
,,,3,1.2814886569976807,,5869
,,,3,1.3268617391586304,,5874
,,,3,1.3441275358200073,,5879
,,,3,1.4405204057693481,,5884
,,,3,1.471168041229248,,5889
,,,3,1.3930134773254395,,5894
,,,3,1.3764543533325195,,5899
,,,3,1.3985515832901,,5904
,,,3,1.3002140522003174,,5909
,,,3,1.4531145095825195,,5914
,,,3,1.3491950035095215,,5919
,,,3,1.3075321912765503,,5924
,,,3,1.3278696537017822,,5929
,,,3,1.3613749742507935,,5934
,,,3,1.3915159702301025,,5939
,,,3,1.4276231527328491,,5944
,,,3,1.4245977401733398,,5949
,,,3,1.410781979560852,,5954
,,,3,1.255967617034912,,5959
,,,3,1.3067522048950195,,5964
,,,3,1.3868955373764038,,5969
,,,3,1.4584051370620728,,5974
,,,3,1.4799224138259888,,5979
,,,3,1.289825677871704,,5984
,,,3,1.4545148611068726,,5989
,,,3,1.4046865701675415,,5994
,,,3,1.3980451822280884,,5999
,,,3,1.3827499151229858,,6004
,,,3,1.4990496635437012,,6009
,,,3,1.3512033224105835,,6014
,,,3,1.289864420890808,,6019
,,,3,1.3135242462158203,,6024
,,,3,1.5145784616470337,,6029
,,,3,1.3947471380233765,,6034
,,,3,1.3971368074417114,,6039
,,,3,1.422458529472351,,6044
,,,3,1.2707942724227905,,6049
,,,3,1.455574631690979,,6054
,,,3,1.3775869607925415,,6059
,,,3,1.320198655128479,,6064
,,,3,1.4006273746490479,,6069
,,,3,1.4484950304031372,,6074
,,,3,1.3965908288955688,,6079
,,,3,1.3258243799209595,,6084
,,,3,1.3612163066864014,,6089
,,0.22440944612026215,3,,1.5922316312789917,6091
,0.4036545753479004,,3,,,6091
,,,4,1.3549860715866089,,6094
,,,4,1.2956141233444214,,6099
,,,4,1.3761074542999268,,6104
,,,4,1.309912085533142,,6109
,,,4,1.3179844617843628,,6114
,,,4,1.4195005893707275,,6119
,,,4,1.368058681488037,,6124
,,,4,1.3392151594161987,,6129
,,,4,1.4144351482391357,,6134
,,,4,1.3716474771499634,,6139
,,,4,1.4008064270019531,,6144
,,,4,1.4544013738632202,,6149
,,,4,1.3563984632492065,,6154
,,,4,1.4003732204437256,,6159
,,,4,1.2827503681182861,,6164
,,,4,1.4363147020339966,,6169
,,,4,1.541672706604004,,6174
,,,4,1.3193575143814087,,6179
,,,4,1.4234907627105713,,6184
,,,4,1.3858745098114014,,6189
,,,4,1.354290246963501,,6194
,,,4,1.3343477249145508,,6199
,,,4,1.336134433746338,,6204
,,,4,1.4387409687042236,,6209
,,,4,1.435746669769287,,6214
,,,4,1.292976975440979,,6219
,,,4,1.3254261016845703,,6224
,,,4,1.383787751197815,,6229
,,,4,1.293674111366272,,6234
,,,4,1.2651290893554688,,6239
,,,4,1.3269671201705933,,6244
,,,4,1.2669544219970703,,6249
,,,4,1.3644530773162842,,6254
,,,4,1.3332122564315796,,6259
,,,4,1.4751390218734741,,6264
,,,4,1.210917592048645,,6269
,,,4,1.3132948875427246,,6274
,,,4,1.3732513189315796,,6279
,,,4,1.4598865509033203,,6284
,,,4,1.258769154548645,,6289
,,,4,1.3038437366485596,,6294
,,,4,1.2929757833480835,,6299
,,,4,1.320400595664978,,6304
,,,4,1.3823821544647217,,6309
,,,4,1.4163638353347778,,6314
,,,4,1.4295694828033447,,6319
,,,4,1.3029272556304932,,6324
,,,4,1.2614892721176147,,6329
,,,4,1.4128457307815552,,6334
,,,4,1.4200959205627441,,6339
,,,4,1.351987361907959,,6344
,,,4,1.5460896492004395,,6349
,,,4,1.3598082065582275,,6354
,,,4,1.3668475151062012,,6359
,,,4,1.4188392162322998,,6364
,,,4,1.3567668199539185,,6369
,,,4,1.2671672105789185,,6374
,,,4,1.3646317720413208,,6379
,,,4,1.4430299997329712,,6384
,,,4,1.3563731908798218,,6389
,,,4,1.3334928750991821,,6394
,,,4,1.3892651796340942,,6399
,,,4,1.4330766201019287,,6404
,,,4,1.4035969972610474,,6409
,,,4,1.3194397687911987,,6414
,,,4,1.3783012628555298,,6419
,,,4,1.3023152351379395,,6424
,,,4,1.4715975522994995,,6429
,,,4,1.4113218784332275,,6434
,,,4,1.3235256671905518,,6439
,,,4,1.3187683820724487,,6444
,,,4,1.4024544954299927,,6449
,,,4,1.2920604944229126,,6454
,,,4,1.327168583869934,,6459
,,,4,1.303847074508667,,6464
,,,4,1.4116113185882568,,6469
,,,4,1.2515610456466675,,6474
,,,4,1.3852715492248535,,6479
,,,4,1.3652846813201904,,6484
,,,4,1.370855689048767,,6489
,,,4,1.378594160079956,,6494
,,,4,1.4111660718917847,,6499
,,,4,1.3863799571990967,,6504
,,,4,1.4090723991394043,,6509
,,,4,1.3913745880126953,,6514
,,,4,1.4433822631835938,,6519
,,,4,1.3312517404556274,,6524
,,,4,1.4669039249420166,,6529
,,,4,1.3684308528900146,,6534
,,,4,1.4057903289794922,,6539
,,,4,1.3140933513641357,,6544
,,,4,1.2913602590560913,,6549
,,,4,1.221097469329834,,6554
,,,4,1.2072324752807617,,6559
,,,4,1.3423689603805542,,6564
,,,4,1.4664299488067627,,6569
,,,4,1.3571501970291138,,6574
,,,4,1.3575512170791626,,6579
,,,4,1.2553057670593262,,6584
,,,4,1.4941517114639282,,6589
,,,4,1.4682090282440186,,6594
,,,4,1.3110016584396362,,6599
,,,4,1.415401577949524,,6604
,,,4,1.349933385848999,,6609
,,,4,1.3097962141036987,,6614
,,,4,1.2987128496170044,,6619
,,,4,1.3779270648956299,,6624
,,,4,1.3883849382400513,,6629
,,,4,1.3355718851089478,,6634
,,,4,1.3880887031555176,,6639
,,,4,1.3431428670883179,,6644
,,,4,1.425828218460083,,6649
,,,4,1.3176730871200562,,6654
,,,4,1.4216783046722412,,6659
,,,4,1.4113538265228271,,6664
,,,4,1.4586941003799438,,6669
,,,4,1.295358419418335,,6674
,,,4,1.4195425510406494,,6679
,,,4,1.274803638458252,,6684
,,,4,1.3435437679290771,,6689
,,,4,1.324850082397461,,6694
,,,4,1.3492183685302734,,6699
,,,4,1.3025015592575073,,6704
,,,4,1.3646615743637085,,6709
,,,4,1.4899280071258545,,6714
,,,4,1.4789177179336548,,6719
,,,4,1.300601840019226,,6724
,,,4,1.4095007181167603,,6729
,,,4,1.479488492012024,,6734
,,,4,1.2688026428222656,,6739
,,,4,1.4082192182540894,,6744
,,,4,1.3301825523376465,,6749
,,,4,1.2684887647628784,,6754
,,,4,1.334549069404602,,6759
,,,4,1.3027929067611694,,6764
,,,4,1.4499434232711792,,6769
,,,4,1.3428997993469238,,6774
,,,4,1.2392923831939697,,6779
,,,4,1.3289481401443481,,6784
,,,4,1.3841193914413452,,6789
,,,4,1.393843412399292,,6794
,,,4,1.349705457687378,,6799
,,,4,1.2656655311584473,,6804
,,,4,1.4467395544052124,,6809
,,,4,1.3370131254196167,,6814
,,,4,1.4555922746658325,,6819
,,,4,1.2516528367996216,,6824
,,,4,1.2613976001739502,,6829
,,,4,1.3197240829467773,,6834
,,,4,1.3073012828826904,,6839
,,,4,1.269490361213684,,6844
,,,4,1.4954205751419067,,6849
,,,4,1.314510703086853,,6854
,,,4,1.4028704166412354,,6859
,,,4,1.3644367456436157,,6864
,,,4,1.3609179258346558,,6869
,,,4,1.4862737655639648,,6874
,,,4,1.3355132341384888,,6879
,,,4,1.394050121307373,,6884
,,,4,1.5225878953933716,,6889
,,,4,1.3293510675430298,,6894
,,,4,1.2980670928955078,,6899
,,,4,1.253954291343689,,6904
,,,4,1.3610104322433472,,6909
,,,4,1.4312292337417603,,6914
,,,4,1.391662359237671,,6919
,,,4,1.4132276773452759,,6924
,,,4,1.3372186422348022,,6929
,,,4,1.3281358480453491,,6934
,,,4,1.3483000993728638,,6939
,,,4,1.3788185119628906,,6944
,,,4,1.3324370384216309,,6949
,,,4,1.4512457847595215,,6954
,,,4,1.2950007915496826,,6959
,,,4,1.317855954170227,,6964
,,,4,1.4000684022903442,,6969
,,,4,1.3327744007110596,,6974
,,,4,1.2392520904541016,,6979
,,,4,1.3430757522583008,,6984
,,,4,1.4508988857269287,,6989
,,,4,1.3420557975769043,,6994
,,,4,1.4109846353530884,,6999
,,,4,1.3615926504135132,,7004
,,,4,1.4127215147018433,,7009
,,,4,1.2663596868515015,,7014
,,,4,1.4043841361999512,,7019
,,,4,1.2568053007125854,,7024
,,,4,1.390762448310852,,7029
,,,4,1.3600363731384277,,7034
,,,4,1.2216787338256836,,7039
,,,4,1.366625428199768,,7044
,,,4,1.4245264530181885,,7049
,,,4,1.4406393766403198,,7054
,,,4,1.4012941122055054,,7059
,,,4,1.408271074295044,,7064
,,,4,1.3239450454711914,,7069
,,,4,1.3593460321426392,,7074
,,,4,1.3456201553344727,,7079
,,,4,1.2754803895950317,,7084
,,,4,1.388600468635559,,7089
,,,4,1.3666062355041504,,7094
,,,4,1.301726222038269,,7099
,,,4,1.2923991680145264,,7104
,,,4,1.4424768686294556,,7109
,,,4,1.3718492984771729,,7114
,,,4,1.4041815996170044,,7119
,,,4,1.3283321857452393,,7124
,,,4,1.3453437089920044,,7129
,,,4,1.324932336807251,,7134
,,,4,1.375192642211914,,7139
,,,4,1.4159084558486938,,7144
,,,4,1.2429901361465454,,7149
,,,4,1.3759751319885254,,7154
,,,4,1.3556060791015625,,7159
,,,4,1.3799959421157837,,7164
,,,4,1.4242753982543945,,7169
,,,4,1.3677208423614502,,7174
,,,4,1.3715068101882935,,7179
,,,4,1.3014945983886719,,7184
,,,4,1.148414134979248,,7189
,,,4,1.415665864944458,,7194
,,,4,1.3286274671554565,,7199
,,,4,1.4453967809677124,,7204
,,,4,1.3791981935501099,,7209
,,,4,1.294966220855713,,7214
,,,4,1.4131757020950317,,7219
,,,4,1.4238516092300415,,7224
,,,4,1.369046926498413,,7229
,,,4,1.3935240507125854,,7234
,,,4,1.420230746269226,,7239
,,,4,1.3627732992172241,,7244
,,,4,1.3355696201324463,,7249
,,,4,1.3058483600616455,,7254
,,,4,1.3035025596618652,,7259
,,,4,1.3664755821228027,,7264
,,,4,1.2920907735824585,,7269
,,,4,1.3568565845489502,,7274
,,,4,1.2066357135772705,,7279
,,,4,1.4534058570861816,,7284
,,,4,1.267342209815979,,7289
,,,4,1.4571880102157593,,7294
,,,4,1.2321535348892212,,7299
,,,4,1.399947166442871,,7304
,,,4,1.296879529953003,,7309
,,,4,1.4069629907608032,,7314
,,,4,1.457377552986145,,7319
,,,4,1.3637787103652954,,7324
,,,4,1.4892209768295288,,7329
,,,4,1.3750016689300537,,7334
,,,4,1.3798508644104004,,7339
,,,4,1.4148478507995605,,7344
,,,4,1.4524526596069336,,7349
,,,4,1.387244701385498,,7354
,,,4,1.3237388134002686,,7359
,,,4,1.3649619817733765,,7364
,,,4,1.3112987279891968,,7369
,,,4,1.4253593683242798,,7374
,,,4,1.4527647495269775,,7379
,,,4,1.388181447982788,,7384
,,,4,1.3400676250457764,,7389
,,,4,1.4616557359695435,,7394
,,,4,1.4101738929748535,,7399
,,,4,1.2242159843444824,,7404
,,,4,1.32081139087677,,7409
,,,4,1.433278203010559,,7414
,,,4,1.3317283391952515,,7419
,,,4,1.379278540611267,,7424
,,,4,1.5408796072006226,,7429
,,,4,1.4032111167907715,,7434
,,,4,1.2182724475860596,,7439
,,,4,1.3708863258361816,,7444
,,,4,1.2187455892562866,,7449
,,,4,1.4253123998641968,,7454
,,,4,1.4055957794189453,,7459
,,,4,1.3178465366363525,,7464
,,,4,1.2954741716384888,,7469
,,,4,1.4305733442306519,,7474
,,,4,1.3426076173782349,,7479
,,,4,1.346916913986206,,7484
,,,4,1.3919227123260498,,7489
,,,4,1.2663089036941528,,7494
,,,4,1.3348760604858398,,7499
,,,4,1.2939873933792114,,7504
,,,4,1.3037240505218506,,7509
,,,4,1.309149980545044,,7514
,,,4,1.3393925428390503,,7519
,,,4,1.3760449886322021,,7524
,,,4,1.26700758934021,,7529
,,,4,1.376895785331726,,7534
,,,4,1.2723571062088013,,7539
,,,4,1.3207347393035889,,7544
,,,4,1.2247264385223389,,7549
,,,4,1.4069204330444336,,7554
,,,4,1.3479888439178467,,7559
,,,4,1.3589987754821777,,7564
,,,4,1.2783713340759277,,7569
,,,4,1.4023720026016235,,7574
,,,4,1.2689850330352783,,7579
,,,4,1.441060185432434,,7584
,,,4,1.3413969278335571,,7589
,,,4,1.2579240798950195,,7594
,,,4,1.2967503070831299,,7599
,,,4,1.4154558181762695,,7604
,,,4,1.3048441410064697,,7609
,,,4,1.275163173675537,,7614
,,0.22440944612026215,4,,1.6167246103286743,7614
,0.4213118255138397,,4,,,7614
0.27952754497528076,,,5,,,7615
